product_id,sku,category,source_folder,source_images,old_name,final_name,grouping_decision,variant_decision,color,confidence,manual_review,notes
cmuv10h6l0005utmcsh4h7i9w,BEA-001,Beauty,beauty,beauty/01_front_view_hd.svg; beauty/02_top_view_hd.svg; beauty/03_bottom_view_hd.svg; beauty/front_view_hd.svg; beauty/bottom_view_hd.svg,Beauty Product 01,Beauty Product 01,KEEP,none,,LOW,yes,Placeholder only. Source files use generic view tokens (front/side/back) or untitled images.svg — commercial identity unknown.
cmuv10hah000iutmcfdmvi94j,BEA-002,Beauty,beauty,beauty/01_front_view_hd (10).svg; beauty/02_top_view_hd (10).svg; beauty/03_bottom_view_hd (10).svg,Beauty Product 10,Beauty Product 10,KEEP,none,,LOW,yes,Placeholder only. Source files use generic view tokens (front/side/back) or untitled images.svg — commercial identity unknown.
cmuv10hbt000rutmcr2ewg93q,BEA-003,Beauty,beauty,beauty/01_front_view_hd (11).svg; beauty/02_top_view_hd (11).svg; beauty/03_bottom_view_hd (11).svg,Beauty Product 11,Beauty Product 11,KEEP,none,,LOW,yes,Placeholder only. Source files use generic view tokens (front/side/back) or untitled images.svg — commercial identity unknown.
cmuv10hd90010utmcprbgu1ok,BEA-004,Beauty,beauty,beauty/03_bottom_view_hd (12).svg,Beauty Product 12,Beauty Product 12,KEEP,none,,LOW,yes,Placeholder only. Source files use generic view tokens (front/side/back) or untitled images.svg — commercial identity unknown.
cmuv10he00015utmcj5828yg2,BEA-005,Beauty,beauty,beauty/01_front_view_hd (2).svg; beauty/02_top_view_hd (2).svg; beauty/03_bottom_view_hd (2).svg,Beauty Product 02,Beauty Product 02,KEEP,none,,LOW,yes,Placeholder only. Source files use generic view tokens (front/side/back) or untitled images.svg — commercial identity unknown.
cmuv10hf7001eutmc1r0119c0,BEA-006,Beauty,beauty,beauty/01_front_view_hd (3).svg; beauty/02_top_view_hd (3).svg; beauty/03_bottom_view_hd (3).svg,Beauty Product 03,Beauty Product 03,KEEP,none,,LOW,yes,Placeholder only. Source files use generic view tokens (front/side/back) or untitled images.svg — commercial identity unknown.
cmuv10hgx001nutmc5h86miix,BEA-007,Beauty,beauty,beauty/01_front_view_hd (4).svg; beauty/02_top_view_hd (4).svg; beauty/03_bottom_view_hd (4).svg,Beauty Product 04,Beauty Product 04,KEEP,none,,LOW,yes,Placeholder only. Source files use generic view tokens (front/side/back) or untitled images.svg — commercial identity unknown.
cmuv10hib001wutmcg2cn3wix,BEA-008,Beauty,beauty,beauty/01_front_view_hd (5).svg; beauty/02_top_view_hd (5).svg; beauty/03_bottom_view_hd (5).svg,Beauty Product 05,Beauty Product 05,KEEP,none,,LOW,yes,Placeholder only. Source files use generic view tokens (front/side/back) or untitled images.svg — commercial identity unknown.
cmuv10hjl0025utmc6y6qudp9,BEA-009,Beauty,beauty,beauty/01_front_view_hd (6).svg; beauty/02_top_view_hd (6).svg; beauty/03_bottom_view_hd (6).svg,Beauty Product 06,Beauty Product 06,KEEP,none,,LOW,yes,Placeholder only. Source files use generic view tokens (front/side/back) or untitled images.svg — commercial identity unknown.
cmuv10hl7002eutmchkq3q3e2,BEA-010,Beauty,beauty,beauty/01_front_view_hd (7).svg; beauty/02_top_view_hd (7).svg; beauty/03_bottom_view_hd (7).svg,Beauty Product 07,Beauty Product 07,KEEP,none,,LOW,yes,Placeholder only. Source files use generic view tokens (front/side/back) or untitled images.svg — commercial identity unknown.
cmuv10hme002nutmc0cg0chc3,BEA-011,Beauty,beauty,beauty/01_front_view_hd (8).svg; beauty/02_top_view_hd (8).svg; beauty/03_bottom_view_hd (8).svg,Beauty Product 08,Beauty Product 08,KEEP,none,,LOW,yes,Placeholder only. Source files use generic view tokens (front/side/back) or untitled images.svg — commercial identity unknown.
cmuv10hnj002wutmckpes036h,BEA-012,Beauty,beauty,beauty/01_front_view_hd (9).svg; beauty/02_top_view_hd (9).svg; beauty/03_bottom_view_hd (9).svg,Beauty Product 09,Beauty Product 09,KEEP,none,,LOW,yes,Placeholder only. Source files use generic view tokens (front/side/back) or untitled images.svg — commercial identity unknown.
cmuv10hov0035utmc0xzvi0pk,FAS-001,Fashion Wear,fashion_wear,fashion_wear/01_front_view_hd.svg; fashion_wear/02_side_view_hd.svg; fashion_wear/03_back_view_hd.svg; fashion_wear/04_angle_view_hd.svg; fashion_wear/04_another_angle_hd.svg; fashion_wear/05_lifestyle_view_hd.svg,Fashion Wear Product 01,Fashion Wear Product 01,KEEP,none,,LOW,yes,Placeholder only. Source files use generic view tokens (front/side/back) or untitled images.svg — commercial identity unknown.
cmuv10hqz003kutmce538f1qr,FAS-002,Fashion Wear,fashion_wear,fashion_wear/02_side_view_hd(1).svg; fashion_wear/03_back_view_hd(1).svg; fashion_wear/04_another_angle_hd(1).svg,Fashion Wear Product 02,Fashion Wear Product 02,KEEP,none,,LOW,yes,Placeholder only. Source files use generic view tokens (front/side/back) or untitled images.svg — commercial identity unknown.
cmuv10hs5003tutmc2lio836a,FAS-003,Fashion Wear,fashion_wear,fashion_wear/01_front_view_hd (10).svg; fashion_wear/02_side_view_hd (10).svg; fashion_wear/03_back_view_hd (10).svg,Fashion Wear Product 11,Fashion Wear Product 11,KEEP,none,,LOW,yes,Placeholder only. Source files use generic view tokens (front/side/back) or untitled images.svg — commercial identity unknown.
cmuv10hud0042utmcfp4ocyso,FAS-004,Fashion Wear,fashion_wear,fashion_wear/01_front_view_hd (11).svg; fashion_wear/02_side_view_hd (11).svg,Fashion Wear Product 12,Fashion Wear Product 12,KEEP,none,,LOW,yes,Placeholder only. Source files use generic view tokens (front/side/back) or untitled images.svg — commercial identity unknown.
cmuv10hvj0049utmc0y0prz7n,FAS-005,Fashion Wear,fashion_wear,fashion_wear/02_side_view_hd (12).svg,Fashion Wear Product 13,Fashion Wear Product 13,KEEP,none,,LOW,yes,Placeholder only. Source files use generic view tokens (front/side/back) or untitled images.svg — commercial identity unknown.
cmuv10hwk004eutmcsk19yvmo,FAS-006,Fashion Wear,fashion_wear,fashion_wear/01_front_view_hd (2).svg; fashion_wear/02_side_view_hd (2).svg; fashion_wear/03_back_view_hd (2).svg; fashion_wear/04_angle_view_hd (2).svg; fashion_wear/04_another_angle_hd (2).svg; fashion_wear/05_lifestyle_view_hd (2).svg,Fashion Wear Product 03,Fashion Wear Product 03,KEEP,none,,LOW,yes,Placeholder only. Source files use generic view tokens (front/side/back) or untitled images.svg — commercial identity unknown.
cmuv10hz0004tutmcxg021cs2,FAS-007,Fashion Wear,fashion_wear,fashion_wear/01_front_view_hd (3).svg; fashion_wear/02_side_view_hd (3).svg; fashion_wear/03_back_view_hd (3).svg; fashion_wear/04_angle_view_hd (3).svg,Fashion Wear Product 04,Fashion Wear Product 04,KEEP,none,,LOW,yes,Placeholder only. Source files use generic view tokens (front/side/back) or untitled images.svg — commercial identity unknown.
cmuv10i190054utmchtxyx1ad,FAS-008,Fashion Wear,fashion_wear,fashion_wear/01_front_view_hd (4).svg; fashion_wear/02_side_view_hd (4).svg; fashion_wear/03_back_view_hd (4).svg; fashion_wear/04_angle_view_hd (4).svg,Fashion Wear Product 05,Fashion Wear Product 05,KEEP,none,,LOW,yes,Placeholder only. Source files use generic view tokens (front/side/back) or untitled images.svg — commercial identity unknown.
cmuv10i2y005futmc1kr3e722,FAS-009,Fashion Wear,fashion_wear,fashion_wear/01_front_view_hd (5).svg; fashion_wear/02_side_view_hd (5).svg; fashion_wear/03_back_view_hd (5).svg; fashion_wear/04_angle_view_hd (5).svg,Fashion Wear Product 06,Fashion Wear Product 06,KEEP,none,,LOW,yes,Placeholder only. Source files use generic view tokens (front/side/back) or untitled images.svg — commercial identity unknown.
cmuv10i4f005qutmcjwu3fvz3,FAS-010,Fashion Wear,fashion_wear,fashion_wear/01_front_view_hd (6).svg; fashion_wear/02_side_view_hd (6).svg; fashion_wear/03_back_view_hd (6).svg; fashion_wear/04_angle_view_hd (6).svg,Fashion Wear Product 07,Fashion Wear Product 07,KEEP,none,,LOW,yes,Placeholder only. Source files use generic view tokens (front/side/back) or untitled images.svg — commercial identity unknown.
cmuv10i8u0061utmchmrtyyvu,FAS-011,Fashion Wear,fashion_wear,fashion_wear/01_front_view_hd (7).svg; fashion_wear/02_side_view_hd (7).svg; fashion_wear/03_back_view_hd (7).svg; fashion_wear/04_angle_view_hd (7).svg,Fashion Wear Product 08,Fashion Wear Product 08,KEEP,none,,LOW,yes,Placeholder only. Source files use generic view tokens (front/side/back) or untitled images.svg — commercial identity unknown.
cmuv10ihb006cutmclyx09ey7,FAS-012,Fashion Wear,fashion_wear,fashion_wear/01_front_view_hd (8).svg; fashion_wear/02_side_view_hd (8).svg; fashion_wear/03_back_view_hd (8).svg,Fashion Wear Product 09,Fashion Wear Product 09,KEEP,none,,LOW,yes,Placeholder only. Source files use generic view tokens (front/side/back) or untitled images.svg — commercial identity unknown.
cmuv10iiu006lutmciy0tw4tw,FAS-013,Fashion Wear,fashion_wear,fashion_wear/01_front_view_hd (9).svg; fashion_wear/02_side_view_hd (9).svg; fashion_wear/03_back_view_hd (9).svg,Fashion Wear Product 10,Fashion Wear Product 10,KEEP,none,,LOW,yes,Placeholder only. Source files use generic view tokens (front/side/back) or untitled images.svg — commercial identity unknown.
cmuv10il9006uutmc5la5kw83,FAS-014,Fashion Wear,fashion_wear,fashion_wear/01_front_view_hd(20260912-061437).svg,Fashion Wear Product 14,Fashion Wear Product 14,KEEP,none,,LOW,yes,Placeholder only. Source files use generic view tokens (front/side/back) or untitled images.svg — commercial identity unknown.
cmuv10im5006zutmcnh13rhxo,FAS-015,Fashion Wear,fashion_wear,fashion_wear/01_front_view_hd(20260912-062549).svg,Fashion Wear Product 15,Fashion Wear Product 15,KEEP,none,,LOW,yes,Placeholder only. Source files use generic view tokens (front/side/back) or untitled images.svg — commercial identity unknown.
cmuv10inf0074utmcqumdx699,HAN-001,Handbags,handbag,handbag/01_Ivory_05_Bottom.svg,Ivory Handbag,Ivory Handbag,KEEP,none,ivory,HIGH,no,Missing front/side/back in source; leave SKU as-is.
cmuv10ioc0079utmc0vxxfmy3,HAN-002,Handbags,handbag,handbag/01_Mint_Green_01_Front.svg; handbag/01_Mint_Green_02_Three_Quarter.svg; handbag/01_Mint_Green_03_Side.svg; handbag/01_Mint_Green_04_Back.svg; handbag/01_Mint_Green_05_Bottom.svg,Mint Green Handbag,Mint Green Handbag,KEEP,none,,HIGH,no,Filename / colorway already yields a commercial-safe name.
cmuv10ir4007mutmcpwj7x83j,HAN-003,Handbags,handbag,handbag/02_Black_01_Front.svg; handbag/02_Black_02_Three_Quarter.svg; handbag/02_Black_03_Side.svg; handbag/02_Black_04_Back.svg; handbag/02_Black_05_Bottom.svg,Black Handbag,Black Handbag 02,KEEP,"none — possible future color-variant under series 02 with Cream, but silhouette not proven identical enough to merge now",black,HIGH,no,Renamed to Black Handbag 02 for display uniqueness.
cmuv10itf007zutmcqej2twbv,HAN-004,Handbags,handbag,handbag/02_Cream_01_Front.svg; handbag/02_Cream_02_Three_Quarter.svg; handbag/02_Cream_03_Side.svg; handbag/02_Cream_04_Back.svg; handbag/02_Cream_05_Bottom.svg,Cream Handbag,Cream Handbag,KEEP,none,,HIGH,no,Filename / colorway already yields a commercial-safe name.
cmuv10ivv008cutmct3108q7k,HAN-005,Handbags,handbag,handbag/03_Blush_Pink_01_Front.svg; handbag/03_Blush_Pink_02_Three_Quarter.svg; handbag/03_Blush_Pink_03_Side.svg; handbag/03_Blush_Pink_04_Back.svg; handbag/03_Blush_Pink_05_Bottom.svg,Blush Pink Handbag,Blush Pink Handbag,KEEP,none,,HIGH,no,Filename / colorway already yields a commercial-safe name.
cmuv10izc008putmcymazmu9z,HAN-006,Handbags,handbag,handbag/03_Pink_01_Front.svg; handbag/03_Pink_02_Three_Quarter.svg; handbag/03_Pink_03_Side.svg; handbag/03_Pink_04_Back.svg; handbag/03_Pink_05_Bottom.svg,Pink Handbag,Pink Handbag,KEEP,none,,HIGH,no,Filename / colorway already yields a commercial-safe name.
cmuv10j0z0092utmc7frmnkud,HAN-007,Handbags,handbag,handbag/04_Beige_01_Front.svg; handbag/04_Beige_02_Three_Quarter.svg; handbag/04_Beige_03_Side.svg; handbag/04_Beige_04_Back.svg; handbag/04_Beige_05_Bottom.svg,Beige Handbag,Beige Handbag,KEEP,none,,HIGH,no,Filename / colorway already yields a commercial-safe name.
cmuv10j3k009futmcry6ciwyx,HAN-008,Handbags,handbag,handbag/04_Black_01_Front.svg; handbag/04_Black_02_Three_Quarter.svg; handbag/04_Black_03_Side.svg; handbag/04_Black_04_Back.svg; handbag/04_Black_05_Bottom.svg,Black Handbag,Black Handbag 04,KEEP,none — possible future series-04 color variants with Beige,black,HIGH,no,Renamed to Black Handbag 04 for display uniqueness.
cmuv10j5j009sutmc9w0u5lsy,HAN-009,Handbags,handbag,handbag/05_Light_Blue_01_Front.svg; handbag/05_Light_Blue_02_Three_Quarter.svg; handbag/05_Light_Blue_03_Side.svg; handbag/05_Light_Blue_04_Back.svg; handbag/05_Light_Blue_05_Bottom.svg,Light Blue Handbag,Light Blue Handbag,KEEP,none,,HIGH,no,Filename / colorway already yields a commercial-safe name.
cmuv10j7h00a5utmcpbg5i5r0,HAN-010,Handbags,handbag,handbag/05_Tan_01_Front.svg; handbag/05_Tan_02_Three_Quarter.svg; handbag/05_Tan_03_Side.svg; handbag/05_Tan_04_Back.svg; handbag/05_Tan_05_Bottom.svg,Tan Handbag,Tan Handbag,KEEP,none,,HIGH,no,Filename / colorway already yields a commercial-safe name.
cmuv10ja100aiutmc5cmxuaiy,HAN-011,Handbags,handbag,handbag/Beige_White_01_Front.svg; handbag/Beige_White_02_Three_Quarter.svg; handbag/Beige_White_03_Side.svg; handbag/Beige_White_04_Back.svg; handbag/Beige_White_05_Bottom.svg,Beige White Handbag,Beige White Handbag,KEEP,none,,HIGH,no,Filename / colorway already yields a commercial-safe name.
cmuv10jc900avutmcwk9fz8nw,HAN-012,Handbags,handbag,handbag/Black_White_01_Front.svg; handbag/Black_White_02_Three_Quarter.svg; handbag/Black_White_03_Side.svg; handbag/Black_White_04_Back.svg; handbag/Black_White_05_Bottom.svg,Black White Handbag,Black White Handbag,KEEP,none,,HIGH,no,Filename / colorway already yields a commercial-safe name.
cmuv10jee00b8utmcwwqnfubs,HAN-013,Handbags,handbag,handbag/Blush_Pink_White_01_Front.svg; handbag/Blush_Pink_White_02_Three_Quarter.svg; handbag/Blush_Pink_White_03_Side.svg; handbag/Blush_Pink_White_04_Back.svg; handbag/Blush_Pink_White_05_Bottom.svg,Blush Pink White Handbag,Blush Pink White Handbag,KEEP,none,,HIGH,no,Filename / colorway already yields a commercial-safe name.
cmuv10jgb00blutmcbynkbmze,HAN-014,Handbags,handbag,handbag/Mauve_White_01_Front.svg; handbag/Mauve_White_02_Three_Quarter.svg; handbag/Mauve_White_03_Side.svg; handbag/Mauve_White_04_Back.svg; handbag/Mauve_White_05_Bottom.svg,Mauve White Handbag,Mauve White Handbag,KEEP,none,,HIGH,no,Filename / colorway already yields a commercial-safe name.
cmuv10jif00byutmcemrfl1qy,HAN-015,Handbags,handbag,handbag/Sky_Blue_White_01_Front.svg; handbag/Sky_Blue_White_02_Three_Quarter.svg; handbag/Sky_Blue_White_03_Side.svg; handbag/Sky_Blue_White_04_Back.svg; handbag/Sky_Blue_White_05_Bottom.svg,Sky Blue White Handbag,Sky Blue White Handbag,KEEP,none,,HIGH,no,Filename / colorway already yields a commercial-safe name.
cmuv10jkg00cbutmcnv5j5z3l,KIT-001,Kitchen,kitchen,kitchen/01_front_view_hd.svg; kitchen/02_top_view_hd.svg; kitchen/03_left_side_view_hd.svg; kitchen/03_bottom_view_hd.svg; kitchen/05_top_view_hd.svg; kitchen/06_bottom_view_hd.svg; kitchen/07_angled_front_right_hd.svg; kitchen/09_knob_closeup_hd.svg; kitchen/10_spout_closeup_hd.svg,Kitchen Product 01,Kitchen Product 01,KEEP,none,,LOW,yes,Placeholder only. Source files use generic view tokens (front/side/back) or untitled images.svg — commercial identity unknown.
cmuv10jnw00cwutmcrqa9z6te,KIT-002,Kitchen,kitchen,kitchen/01_front_view_hd (2).svg; kitchen/02_top_view_hd (2).svg; kitchen/03_left_side_view_hd (2).svg; kitchen/03_bottom_view_hd (2).svg; kitchen/05_left_side_view_hd (2).svg; kitchen/05_top_view_hd (2).svg,Kitchen Product 02,Kitchen Product 02,KEEP,none,,LOW,yes,Placeholder only. Source files use generic view tokens (front/side/back) or untitled images.svg — commercial identity unknown.
cmuv10jro00dbutmcmpatp7by,KIT-003,Kitchen,kitchen,kitchen/01_front_view_hd (3).svg; kitchen/02_right_side_view_hd (3).svg; kitchen/02_top_view_hd (3).svg; kitchen/03_bottom_view_hd (3).svg; kitchen/06_bottom_view_hd (3).svg,Kitchen Product 03,Kitchen Product 03,KEEP,none,,LOW,yes,Placeholder only. Source files use generic view tokens (front/side/back) or untitled images.svg — commercial identity unknown.
cmuv10juh00doutmcokw7ct27,KIT-004,Kitchen,kitchen,kitchen/01_front_view_hd (4).svg; kitchen/02_top_view_hd (4).svg; kitchen/03_bottom_view_hd (4).svg,Kitchen Product 04,Kitchen Product 04,KEEP,none,,LOW,yes,Placeholder only. Source files use generic view tokens (front/side/back) or untitled images.svg — commercial identity unknown.
cmuv10k3t00dxutmcr66jslm3,KIT-005,Kitchen,kitchen,kitchen/01_front_view_hd (5).svg; kitchen/02_top_view_hd (5).svg; kitchen/03_bottom_view_hd (5).svg,Kitchen Product 05,Kitchen Product 05,KEEP,none,,LOW,yes,Placeholder only. Source files use generic view tokens (front/side/back) or untitled images.svg — commercial identity unknown.
cmuv10k5r00e6utmclkzbknzk,KIT-006,Kitchen,kitchen,kitchen/02_top_view_hd (6).svg; kitchen/03_bottom_view_hd (6).svg,Kitchen Product 06,Kitchen Product 06,KEEP,none,,LOW,yes,Placeholder only. Source files use generic view tokens (front/side/back) or untitled images.svg — commercial identity unknown.
cmuv10k6z00edutmcqisgpgwd,KIT-007,Kitchen,kitchen,kitchen/01_front_view_hd (7).svg; kitchen/02_top_view_hd (7).svg; kitchen/03_bottom_view_hd (7).svg,Kitchen Product 07,Kitchen Product 07,KEEP,none,,LOW,yes,Placeholder only. Source files use generic view tokens (front/side/back) or untitled images.svg — commercial identity unknown.
cmuv10k8k00emutmc640cu361,KIT-008,Kitchen,kitchen,kitchen/12_all_components_hd.svg,All Components,Kitchen Components,MANUAL_REVIEW,none,,HIGH,yes,Renamed to Kitchen Components. Confirm whether this is hot-pot accessories or a standalone kit.
cmuv10ka300erutmcz4r3h4xb,KIT-009,Kitchen,kitchen,kitchen/electric_hot_pot_front_top_bottom_3d_hd (2) - Copy.svg,Electric Hot Pot,Electric Hot Pot,MANUAL_REVIEW,none,,HIGH,yes,Name already Electric Hot Pot. Do not auto-merge KIT-001.
cmuv10kaw00ewutmcz815iz1g,KIT-010,Kitchen,kitchen,kitchen/11_slotted_spatula_top_hd.svg,Slotted Spatula,Slotted Spatula,KEEP,none,,HIGH,no,Filename / colorway already yields a commercial-safe name.
cmuv10kbo00f1utmche9ghus4,KIT-011,Kitchen,kitchen,kitchen/07_slotted_spoon_top_hd.svg,Slotted Spoon,Slotted Spoon,KEEP,none,,HIGH,no,Filename / colorway already yields a commercial-safe name.
cmuv10kcg00f6utmcqyh7zjkt,KIT-012,Kitchen,kitchen,kitchen/10_spiral_whisk_top_hd.svg,Spiral Whisk,Spiral Whisk,KEEP,none,,HIGH,no,Filename / colorway already yields a commercial-safe name.
cmuv10ke800fbutmcw0nc6s9x,KIT-013,Kitchen,kitchen,kitchen/09_whisk_top_hd.svg,Whisk,Whisk,KEEP,none,,HIGH,no,Filename / colorway already yields a commercial-safe name.
cmuv10kez00fgutmct3e5jktz,KIT-014,Kitchen,kitchen,kitchen/08_wooden_spatula_top_hd.svg,Wooden Spatula,Wooden Spatula,KEEP,none,,HIGH,no,Filename / colorway already yields a commercial-safe name.
cmuv10kfw00flutmc83e5ycp4,TOY-001,Toys,toys,toys/01_front_view_hd.svg; toys/02_angled_front_left_view_hd.svg; toys/02_angled_view_hd.svg; toys/02_side_view_hd.svg; toys/02_left_side_view_hd.svg; toys/02_rear_view_hd.svg; toys/02_top_view_hd.svg; toys/03_left_side_view_hd.svg; toys/03_side_left_view_hd.svg; toys/03_top_view_hd.svg; toys/03_bottom_view_hd.svg; toys/04_right_side_view_hd.svg; toys/04_rear_view_hd.svg; toys/04_top_view_hd.svg; toys/05_rear_view_hd.svg; toys/05_top_view_hd.svg; toys/06_bottom_view_hd.svg; toys/07_angled_front_left_view_hd.svg; toys/07_angled_view_hd.svg; toys/08_angled_rear_right_view_hd.svg,Toy Product 01,Toy Product 01,KEEP,none,,LOW,yes,Placeholder only. Source files use generic view tokens (front/side/back) or untitled images.svg — commercial identity unknown.
cmuv10kmo00gsutmcw9by93de,TOY-002,Toys,toys,toys/01_front_view_hd (10).svg,Toy Product 10,Toy Product 10,KEEP,none,,LOW,yes,Placeholder only. Source files use generic view tokens (front/side/back) or untitled images.svg — commercial identity unknown.
cmuv10kn900gxutmc0nvhfvcd,TOY-003,Toys,toys,toys/01_front_view_hd (11).svg,Toy Product 11,Toy Product 11,KEEP,none,,LOW,yes,Placeholder only. Source files use generic view tokens (front/side/back) or untitled images.svg — commercial identity unknown.
cmuv10knz00h2utmcgclc00q4,TOY-004,Toys,toys,toys/01_front_view_hd (12).svg,Toy Product 12,Toy Product 12,KEEP,none,,LOW,yes,Placeholder only. Source files use generic view tokens (front/side/back) or untitled images.svg — commercial identity unknown.
cmuv10kor00h7utmcsv826nqe,TOY-005,Toys,toys,toys/01_front_view_hd (13).svg,Toy Product 13,Toy Product 13,KEEP,none,,LOW,yes,Placeholder only. Source files use generic view tokens (front/side/back) or untitled images.svg — commercial identity unknown.
cmuv10kpl00hcutmcabsjrp6n,TOY-006,Toys,toys,toys/01_front_view_hd (14).svg,Toy Product 14,Toy Product 14,KEEP,none,,LOW,yes,Placeholder only. Source files use generic view tokens (front/side/back) or untitled images.svg — commercial identity unknown.
cmuv10kqd00hhutmcy6ndnqc5,TOY-007,Toys,toys,toys/01_front_view_hd (2).svg; toys/02_angled_front_left_view_hd (2).svg; toys/02_angled_view_hd (2).svg; toys/02_top_view_hd (2).svg; toys/03_side_left_view_hd (2).svg; toys/03_bottom_view_hd (2).svg; toys/04_rear_view_hd (2).svg; toys/04_top_view_hd (2).svg; toys/04_bottom_view_hd (2).svg; toys/05_rear_view_hd (2).svg; toys/05_top_view_hd (2).svg; toys/08_angled_rear_right_view_hd (2).svg,Toy Product 02,Toy Product 02,KEEP,none,,LOW,yes,Placeholder only. Source files use generic view tokens (front/side/back) or untitled images.svg — commercial identity unknown.
cmuv10kvh00i8utmcwk9twtyh,TOY-008,Toys,toys,toys/01_front_view_hd (3).svg; toys/02_top_view_hd (3).svg; toys/03_bottom_view_hd (3).svg; toys/04_rear_view_hd (3).svg; toys/04_bottom_view_hd (3).svg; toys/05_left_side_view_hd (3).svg; toys/07_angled_front_left_view_hd (3).svg; toys/08_angled_rear_right_view_hd (3).svg,Toy Product 03,Toy Product 03,KEEP,none,,LOW,yes,Placeholder only. Source files use generic view tokens (front/side/back) or untitled images.svg — commercial identity unknown.
cmuv10kze00irutmc9omozwlu,TOY-009,Toys,toys,toys/01_front_view_hd (4).svg; toys/02_angled_front_left_view_hd (4).svg; toys/02_top_view_hd (4).svg; toys/03_side_left_view_hd (4).svg; toys/03_top_view_hd (4).svg; toys/03_bottom_view_hd (4).svg; toys/04_rear_view_hd (4).svg; toys/05_left_side_view_hd (4).svg; toys/07_angled_front_left_view_hd (4).svg; toys/08_angled_rear_right_view_hd (4).svg,Toy Product 04,Toy Product 04,KEEP,none,,LOW,yes,Placeholder only. Source files use generic view tokens (front/side/back) or untitled images.svg — commercial identity unknown.
cmuv10l3b00jeutmcs0oxx4h0,TOY-010,Toys,toys,toys/01_front_view_hd (5).svg; toys/02_angled_front_left_view_hd (5).svg; toys/02_top_view_hd (5).svg; toys/04_rear_view_hd (5).svg; toys/05_left_side_view_hd (5).svg; toys/06_right_side_view_hd (5).svg; toys/07_angled_front_left_view_hd (5).svg; toys/08_angled_rear_right_view_hd (5).svg,Toy Product 05,Toy Product 05,KEEP,none,,LOW,yes,Placeholder only. Source files use generic view tokens (front/side/back) or untitled images.svg — commercial identity unknown.
cmuv10l8400jxutmc6btkx5af,TOY-011,Toys,toys,toys/01_front_view_hd (6).svg; toys/04_rear_view_hd (6).svg; toys/05_left_side_view_hd (6).svg; toys/06_right_side_view_hd (6).svg,Toy Product 06,Toy Product 06,KEEP,none,,LOW,yes,Placeholder only. Source files use generic view tokens (front/side/back) or untitled images.svg — commercial identity unknown.
cmuv10lc500k8utmct4cq4pi1,TOY-012,Toys,toys,toys/01_front_view_hd (7).svg; toys/04_rear_view_hd (7).svg; toys/05_left_side_view_hd (7).svg; toys/06_right_side_view_hd (7).svg,Toy Product 07,Toy Product 07,KEEP,none,,LOW,yes,Placeholder only. Source files use generic view tokens (front/side/back) or untitled images.svg — commercial identity unknown.
cmuv10lpb00kjutmcgj0dimi4,TOY-013,Toys,toys,toys/01_front_view_hd (8).svg,Toy Product 08,Toy Product 08,KEEP,none,,LOW,yes,Placeholder only. Source files use generic view tokens (front/side/back) or untitled images.svg — commercial identity unknown.
cmuv10lq800koutmcw15uycxq,TOY-014,Toys,toys,toys/01_front_view_hd (9).svg,Toy Product 09,Toy Product 09,KEEP,none,,LOW,yes,Placeholder only. Source files use generic view tokens (front/side/back) or untitled images.svg — commercial identity unknown.
cmuv10lrs00ktutmcouj6zg91,TOY-015,Toys,toys,toys/01_front_car_mode_hd.svg; toys/01_front_robot_mode_hd.svg; toys/02_angled_car_mode_hd.svg; toys/02_angled_robot_mode_hd.svg; toys/03_side_car_mode_hd.svg; toys/03_back_robot_mode_hd.svg; toys/04_side_robot_mode_hd.svg; toys/04_rear_car_mode_hd.svg; toys/05_front_car_mode_hd.svg; toys/05_front_robot_mode_hd.svg; toys/06_angled_robot_mode_hd.svg; toys/08_rear_car_mode_hd.svg; toys/09_top_car_mode_hd (2).svg; toys/09_top_car_mode_hd.svg; toys/10_bottom_car_mode_hd (2).svg; toys/10_bottom_car_mode_hd.svg; toys/10_batteries_hd.svg; toys/10_rechargeable_battery_hd.svg; toys/11_accessories_hd.svg; toys/11_remote_battery_hd.svg; toys/11_remote_controller_usb_cable_hd.svg; toys/11_spare_propellers_landing_gear_hd.svg; toys/12_transforming_robot_car_hd.svg,Transforming Robot Car,Transforming Robot Car,KEEP,none,,HIGH,no,Name Transforming Robot Car retained.
cmuv10m2500m6utmcxporv4z7,TOY-016,Toys,toys,toys/images.svg,Toy Image 01,Toy Image 01,KEEP,none,,LOW,yes,Name remains Toy Image placeholder — visual ID required.
cmuv10m2w00mbutmcvaeydfqg,TOY-017,Toys,toys,toys/images (1).svg,Toy Image 01,Toy Image 01,KEEP,none,,LOW,yes,Name remains Toy Image placeholder — visual ID required.
cmuv10m3j00mgutmcol15i5jp,TOY-018,Toys,toys,toys/images (10).svg,Toy Image 10,Toy Image 10,KEEP,none,,LOW,yes,Name remains Toy Image placeholder — visual ID required.
cmuv10m6800mlutmc7geh7iu8,TOY-019,Toys,toys,toys/images (11).svg,Toy Image 11,Toy Image 11,KEEP,none,,LOW,yes,Name remains Toy Image placeholder — visual ID required.
cmuv10mb200mqutmcj1vswgsn,TOY-020,Toys,toys,toys/images (12).svg,Toy Image 12,Toy Image 12,KEEP,none,,LOW,yes,Name remains Toy Image placeholder — visual ID required.
cmuv10mec00mvutmcve1i3jjx,TOY-021,Toys,toys,toys/images (13).svg,Toy Image 13,Toy Image 13,KEEP,none,,LOW,yes,Name remains Toy Image placeholder — visual ID required.
cmuv10mff00n0utmc8xe9rskr,TOY-022,Toys,toys,toys/images (14).svg,Toy Image 14,Toy Image 14,KEEP,none,,LOW,yes,Name remains Toy Image placeholder — visual ID required.
cmuv10mgd00n5utmcdyimgjqq,TOY-023,Toys,toys,toys/images (15).svg,Toy Image 15,Toy Image 15,KEEP,none,,LOW,yes,Name remains Toy Image placeholder — visual ID required.
cmuv10mhc00nautmcdwuefhe7,TOY-024,Toys,toys,toys/images (16).svg,Toy Image 16,Toy Image 16,KEEP,none,,LOW,yes,Name remains Toy Image placeholder — visual ID required.
cmuv10mis00nfutmc25ls8ugh,TOY-025,Toys,toys,toys/images (17).svg,Toy Image 17,Toy Image 17,KEEP,none,,LOW,yes,Name remains Toy Image placeholder — visual ID required.
cmuv10mju00nkutmcsv9rwhnc,TOY-026,Toys,toys,toys/images (2).svg,Toy Image 02,Toy Image 02,KEEP,none,,LOW,yes,Name remains Toy Image placeholder — visual ID required.
cmuv10mlb00nputmckjxgrl3b,TOY-027,Toys,toys,toys/images (6).svg,Toy Image 06,Toy Image 06,KEEP,none,,LOW,yes,Name remains Toy Image placeholder — visual ID required.
cmuv10mmi00nuutmc5n571pb2,TOY-028,Toys,toys,toys/images (7).svg,Toy Image 07,Toy Image 07,KEEP,none,,LOW,yes,Name remains Toy Image placeholder — visual ID required.
cmuv10mod00nzutmcsgyli5kr,TOY-029,Toys,toys,toys/images (8).svg,Toy Image 08,Toy Image 08,KEEP,none,,LOW,yes,Name remains Toy Image placeholder — visual ID required.
cmuv10mpa00o4utmcnfndynh0,TOY-030,Toys,toys,toys/images (9).svg,Toy Image 09,Toy Image 09,KEEP,none,,LOW,yes,Name remains Toy Image placeholder — visual ID required.
